{
  "Profiles": [
  {
    "Ansi 5 Color" : {
      "Red Component" : 0.97254902124404907,
      "Color Space" : "Calibrated",
      "Blue Component" : 0.97254902124404907,
      "Alpha Component" : 1,
      "Green Component" : 0
    },
    "Tags" : [
      "Dynamic"
    ],
    "Ansi 12 Color" : {
      "Red Component" : 0.016693107783794403,
      "Color Space" : "Calibrated",
      "Blue Component" : 0.9982903003692627,
      "Alpha Component" : 1,
      "Green Component" : 0.26095205545425415
    },
    "Right Option Key Sends" : 0,
    "Ansi 7 Color" : {
      "Red Component" : 0.99607843137254903,
      "Color Space" : "sRGB",
      "Blue Component" : 0.99607843137254903,
      "Alpha Component" : 1,
      "Green Component" : 0.99607843137254903
    },
    "Bold Color" : {
      "Red Component" : 1,
      "Color Space" : "Calibrated",
      "Blue Component" : 1,
      "Alpha Component" : 1,
      "Green Component" : 1
    },
    "Ansi 8 Color" : {
      "Red Component" : 0.51280313730239868,
      "Color Space" : "Calibrated",
      "Blue Component" : 0.51279646158218384,
      "Alpha Component" : 1,
      "Green Component" : 0.51278775930404663
    },
    "Ansi 9 Color" : {
      "Red Component" : 0.9644390344619751,
      "Color Space" : "Calibrated",
      "Blue Component" : 0.61410599946975708,
      "Alpha Component" : 1,
      "Green Component" : 0.40106064081192017
    },
    "Ansi 1 Color" : {
      "Red Component" : 0.98061299324035645,
      "Color Space" : "Calibrated",
      "Blue Component" : 0.20415860414505005,
      "Alpha Component" : 1,
      "Green Component" : 0.16063156723976135
    },
    "Rows" : 25,
    "Default Bookmark" : "No",
    "Ansi 4 Color" : {
      "Red Component" : 0.016693107783794403,
      "Color Space" : "Calibrated",
      "Blue Component" : 0.9982903003692627,
      "Alpha Component" : 1,
      "Green Component" : 0.26095205545425415
    },
    "Cursor Guide Color" : {
      "Red Component" : 0.64999997615814209,
      "Color Space" : "Calibrated",
      "Blue Component" : 1,
      "Alpha Component" : 0.25,
      "Green Component" : 0.9100000262260437
    },
    "Non-ASCII Anti Aliased" : true,
    "Use Bright Bold" : true,
    "Ansi 10 Color" : {
      "Red Component" : 0.69346785545349121,
      "Color Space" : "Calibrated",
      "Blue Component" : 0.3713659942150116,
      "Alpha Component" : 1,
      "Green Component" : 0.87939631938934326
    },
    "Icon" : 1,
    "Ambiguous Double Width" : false,
    "Jobs to Ignore" : [
      "rlogin",
      "ssh",
      "slogin",
      "telnet"
    ],
    "Show Status Bar" : false,
    "Ansi 15 Color" : {
      "Red Component" : 0.99607843137254903,
      "Color Space" : "sRGB",
      "Blue Component" : 1,
      "Alpha Component" : 1,
      "Green Component" : 1
    },
    "Foreground Color" : {
      "Red Component" : 0.98039215686274506,
      "Color Space" : "sRGB",
      "Blue Component" : 0.98039215686274506,
      "Alpha Component" : 1,
      "Green Component" : 0.98039215686274506
    },
    "Bound Hosts" : [
  
    ],
    "Working Directory" : "~",
    "Blinking Cursor" : false,
    "Use Tab Color" : false,
    "Sync Title" : false,
    "Prompt Before Closing 2" : false,
    "BM Growl" : true,
    "Command" : "",
    "Description" : "Default",
    "Dynamic Profile Filename" : "~/Application Support\/iTerm2\/DynamicProfiles\/profiles.json",
    "Disable Window Resizing" : true,
    "Screen" : -1,
    "Selection Color" : {
      "Red Component" : 1,
      "Color Space" : "Calibrated",
      "Blue Component" : 0.99999129772186279,
      "Alpha Component" : 1,
      "Green Component" : 0.99997437000274658
    },
    "Mouse Reporting" : true,
    "Columns" : 80,
    "Idle Code" : 0,
    "Ansi 13 Color" : {
      "Red Component" : 0.95072436332702637,
      "Color Space" : "Calibrated",
      "Blue Component" : 0.9646141529083252,
      "Alpha Component" : 1,
      "Green Component" : 0
    },
    "Custom Command" : "No",
    "ASCII Anti Aliased" : true,
    "Non Ascii Font" : "Monaco 12",
    "Vertical Spacing" : 1,
    "Use Bold Font" : true,
    "Option Key Sends" : 0,
    "Selected Text Color" : {
      "Red Component" : 0,
      "Color Space" : "Calibrated",
      "Blue Component" : 0,
      "Alpha Component" : 1,
      "Green Component" : 0
    },
    "Background Color" : {
      "Red Component" : 0.070588238537311554,
      "Color Space" : "Calibrated",
      "Blue Component" : 0.070588238537311554,
      "Alpha Component" : 1,
      "Green Component" : 0.070588238537311554
    },
    "Character Encoding" : 4,
    "Ansi 11 Color" : {
      "Red Component" : 0.99927449226379395,
      "Color Space" : "Calibrated",
      "Blue Component" : 0.42728197574615479,
      "Alpha Component" : 1,
      "Green Component" : 0.94947350025177002
    },
    "Use Italic Font" : true,
    "Unlimited Scrollback" : false,
    "Keyboard Map" : {
      "0xf700-0x260000" : {
        "Text" : "[1;6A",
        "Action" : 10
      },
      "0x37-0x40000" : {
        "Text" : "0x1f",
        "Action" : 11
      },
      "0x32-0x40000" : {
        "Text" : "0x00",
        "Action" : 11
      },
      "0xf709-0x20000" : {
        "Text" : "[17;2~",
        "Action" : 10
      },
      "0xf70c-0x20000" : {
        "Text" : "[20;2~",
        "Action" : 10
      },
      "0xf729-0x20000" : {
        "Text" : "[1;2H",
        "Action" : 10
      },
      "0xf72b-0x40000" : {
        "Text" : "[1;5F",
        "Action" : 10
      },
      "0xf705-0x20000" : {
        "Text" : "[1;2Q",
        "Action" : 10
      },
      "0xf703-0x260000" : {
        "Text" : "[1;6C",
        "Action" : 10
      },
      "0xf700-0x220000" : {
        "Text" : "[1;2A",
        "Action" : 10
      },
      "0xf701-0x280000" : {
        "Text" : "0x1b 0x1b 0x5b 0x42",
        "Action" : 11
      },
      "0x38-0x40000" : {
        "Text" : "0x7f",
        "Action" : 11
      },
      "0x33-0x40000" : {
        "Text" : "0x1b",
        "Action" : 11
      },
      "0xf703-0x220000" : {
        "Text" : "[1;2C",
        "Action" : 10
      },
      "0xf701-0x240000" : {
        "Text" : "[1;5B",
        "Action" : 10
      },
      "0xf70d-0x20000" : {
        "Text" : "[21;2~",
        "Action" : 10
      },
      "0xf702-0x260000" : {
        "Text" : "[1;6D",
        "Action" : 10
      },
      "0xf729-0x40000" : {
        "Text" : "[1;5H",
        "Action" : 10
      },
      "0xf706-0x20000" : {
        "Text" : "[1;2R",
        "Action" : 10
      },
      "0x34-0x40000" : {
        "Text" : "0x1c",
        "Action" : 11
      },
      "0xf700-0x280000" : {
        "Text" : "0x1b 0x1b 0x5b 0x41",
        "Action" : 11
      },
      "0x2d-0x40000" : {
        "Text" : "0x1f",
        "Action" : 11
      },
      "0xf70e-0x20000" : {
        "Text" : "[23;2~",
        "Action" : 10
      },
      "0xf702-0x220000" : {
        "Text" : "[1;2D",
        "Action" : 10
      },
      "0xf703-0x280000" : {
        "Text" : "0x1b 0x1b 0x5b 0x43",
        "Action" : 11
      },
      "0xf700-0x240000" : {
        "Text" : "[1;5A",
        "Action" : 10
      },
      "0xf707-0x20000" : {
        "Text" : "[1;2S",
        "Action" : 10
      },
      "0xf70a-0x20000" : {
        "Text" : "[18;2~",
        "Action" : 10
      },
      "0x35-0x40000" : {
        "Text" : "0x1d",
        "Action" : 11
      },
      "0xf70f-0x20000" : {
        "Text" : "[24;2~",
        "Action" : 10
      },
      "0xf703-0x240000" : {
        "Text" : "[1;5C",
        "Action" : 10
      },
      "0xf701-0x260000" : {
        "Text" : "[1;6B",
        "Action" : 10
      },
      "0xf702-0x280000" : {
        "Text" : "0x1b 0x1b 0x5b 0x44",
        "Action" : 11
      },
      "0xf72b-0x20000" : {
        "Text" : "[1;2F",
        "Action" : 10
      },
      "0x36-0x40000" : {
        "Text" : "0x1e",
        "Action" : 11
      },
      "0xf708-0x20000" : {
        "Text" : "[15;2~",
        "Action" : 10
      },